<?xml version="1.0" encoding="utf-8"?>
<Solution xmlns="http://schemas.microsoft.com/sharepoint/" SolutionId="82104119-927b-492d-9db3-ba63a0fe1727" SharePointProductVersion="14.0">
  <Assemblies>
    <Assembly Location="SharePoint Branding Kit.dll" DeploymentTarget="GlobalAssemblyCache" />
  </Assemblies>
  <TemplateFiles>
    <TemplateFile Location="Images\Images_SBK1\sbk1_footerbg_repeat.jpg" />
    <TemplateFile Location="Images\Images_SBK1\sbk1_headerbg_image.jpg" />
    <TemplateFile Location="Images\Images_SBK1\sbk1_headerbg_repeat.jpg" />
    <TemplateFile Location="Images\Images_SBK1\sbk1_logo.png" />
    <TemplateFile Location="Images\Images_SBK1\sbk1_navbg_repeat.jpg" />
    <TemplateFile Location="Images\Images_SBK1\sbk1_navdropbg_repeat.jpg" />
    <TemplateFile Location="Images\Images_SBK1\sbk1_navitem_sel.jpg" />
    <TemplateFile Location="Images\Images_SBK1\sbk1_ribbonbuttonbg_repeat.jpg" />
    <TemplateFile Location="Images\Images_SBK1\sbk1_searchbox.png" />
    <TemplateFile Location="Images\Images_SBK1\sbk1_searchgo.png" />
    <TemplateFile Location="Images\Images_SBK1\sbk1_wpbg_repeat.jpg" />
    <TemplateFile Location="Images\Images_SBK2\sbk2_bodybg.jpg" />
    <TemplateFile Location="Images\Images_SBK2\sbk2_bottomshadow.png" />
    <TemplateFile Location="Images\Images_SBK2\sbk2_contentbg.jpg" />
    <TemplateFile Location="Images\Images_SBK2\sbk2_content_image.png" />
    <TemplateFile Location="Images\Images_SBK2\sbk2_corner_bl.png" />
    <TemplateFile Location="Images\Images_SBK2\sbk2_corner_br.png" />
    <TemplateFile Location="Images\Images_SBK2\sbk2_corner_tl.jpg" />
    <TemplateFile Location="Images\Images_SBK2\sbk2_corner_tr.jpg" />
    <TemplateFile Location="Images\Images_SBK2\sbk2_headerbg.jpg" />
    <TemplateFile Location="Images\Images_SBK2\sbk2_leftnavbgbottom.gif" />
    <TemplateFile Location="Images\Images_SBK2\sbk2_leftnavbgtop.gif" />
    <TemplateFile Location="Images\Images_SBK2\sbk2_logo.png" />
    <TemplateFile Location="Images\Images_SBK2\sbk2_navbg.gif" />
    <TemplateFile Location="Images\Images_SBK2\sbk2_tableft.gif" />
    <TemplateFile Location="Images\Images_SBK2\sbk2_tableft_sel.gif" />
    <TemplateFile Location="Images\Images_SBK2\sbk2_tabright.gif" />
    <TemplateFile Location="Images\Images_SBK2\sbk2_tabright_sel.gif" />
    <TemplateFile Location="Images\Images_SBK2\sbk2_wpheaderleft.gif" />
    <TemplateFile Location="Images\Images_SBK2\sbk2_wpheaderright.gif" />
    <TemplateFile Location="LAYOUTS\1033\STYLES\Styles_SBK1\sbk1.css" />
    <TemplateFile Location="LAYOUTS\1033\STYLES\Styles_SBK2\sbk2.css" />
  </TemplateFiles>
  <FeatureManifests>
    <FeatureManifest Location="SharePoint Branding Kit_SharePoint Branding Kit 1 Basic\Feature.xml" />
    <FeatureManifest Location="SharePoint Branding Kit_SharePoint Branding Kit 2 Advanced\Feature.xml" />
  </FeatureManifests>
</Solution>
